,mse,mae,r2_score
0,0.23759301083498569,0.37435895874760444,0.7151940056063313
