,mse,mae,r2_score
0,0.05878485663387125,0.1706241222080671,0.8816541508946967
