,mse,mae,r2_score
0,0.2556306841008896,0.38082044399249476,0.7007965662988269
