mse,mae,r2_score
0.012406850689200857,0.0807374194720232,0.8431923768380732
