,mse,mae,r2_score
0,0.24708648711606762,0.3742951386644634,0.7038140456361952
