,mse,mae,r2_score
0,0.4653537822577554,0.5002526103163577,0.4719916533678109
