mse,mae,r2_score
121.02932409847256,7.840820223273757,0.844965515838122
