mse,mae,r2_score
0.012102932409847255,0.07840820223273758,0.844965515838122
