,mse,mae,r2_score
0,0.19511430811340175,0.3405607788003821,0.8046214301124748
