,mse,mae,r2_score
0,0.6160315461742009,0.5583307255709515,0.5038884216141504
