,mse,mae,r2_score
0,0.359403861720006,0.43067808979933314,0.6887389857331658
