mse,mae,r2_score
0.011944597989000525,0.07894017801343128,0.8456078116999619
