mse,mae,r2_score
119.44597989000523,7.8940178013431295,0.8456078116999619
