,mse,mae,r2_score
0,0.047736166781313705,0.16040401567207818,0.8928275388719875
