,mse,mae,r2_score
0,0.41644613919526335,0.451589577551944,0.600901581875305
