mse,mae,r2_score
110.98123858390265,7.769492286679338,0.8576674840338053
