,mse,mae,r2_score
0,0.33545570797479585,0.4236995296880977,0.6810584239874167
