,mse,mae,r2_score
0,0.049004457888197184,0.16412912938959137,0.8899800986915858
