,mse,mae,r2_score
0,0.33173848975691184,0.42371173818662755,0.6845926474589806
