mse,mae,r2_score
133.1286973660106,7.924219854314303,0.8310382385440431
