,mse,mae,r2_score
0,0.23760023217638734,0.34980539151227513,0.7346026794769533
