,mse,mae,r2_score
0,0.4395107099475486,0.5106243276268634,0.563261964590592
