mse,mae,r2_score
0.012693521180708902,0.08143375809363952,0.8395692077091689
