mse,mae,r2_score
126.93521180708903,8.143375809363953,0.8395692077091689
