,mse,mae,r2_score
0,0.06183541089107671,0.17826988416300096,0.8919337857582786
