,mse,mae,r2_score
0,0.3164777022354428,0.4233419078128819,0.6559540163412123
