,mse,mae,r2_score
0,0.23122154784432258,0.35057105517012666,0.788693713202272
