,mse,mae,r2_score
0,0.05179156053108252,0.15498212125648883,0.8860394301735788
