mse,mae,r2_score
114.3012279381781,7.8480150383967,0.8554003032004736
