,mse,mae,r2_score
0,0.333296719525027,0.46558367622169217,0.6098922033793601
