,mse,mae,r2_score
0,0.6063594742835383,0.5810258386474763,0.5116776766965209
