,mse,mae,r2_score
0,0.173104388547463,0.30297509950017604,0.8418052040851187
