mse,mae,r2_score
38.141447233921355,4.467275123114101,0.9475653259522195
