,mse,mae,r2_score
0,0.7355917872866986,0.6427879260108366,0.4076024111023755
