,mse,mae,r2_score
0,0.3246734441750494,0.43573286204740264,0.632239026640457
