,mse,mae,r2_score
0,0.22328532739956847,0.3557030307527467,0.7904702467790319
