,mse,mae,r2_score
0,0.407458835954387,0.4663661602424647,0.613520500444895
