,mse,mae,r2_score
0,0.3822638855192701,0.4078406050038944,0.6608839320700804
