,mse,mae,r2_score
0,0.23937012751896852,0.34699155288792616,0.7326257223114463
