,mse,mae,r2_score
0,0.29655554722830174,0.4099087625405136,0.7402282192496868
