,mse,mae,r2_score
0,0.05306227141629846,0.16865096443561814,0.8925193897243513
