,mse,mae,r2_score
0,0.2526978408376981,0.36757857534894595,0.6859383110153785
