,mse,mae,r2_score
0,0.2258657170495253,0.3632266622830466,0.7292516731967069
