mse,mae,r2_score
51.136025080861955,5.093351589304916,0.932138013839491
