,mse,mae,r2_score
0,0.05525041809360984,0.17118135544041763,0.8792879316579058
