,mse,mae,r2_score
0,0.6343988218846914,0.572589841403054,0.45058013621637705
