,mse,mae,r2_score
0,0.4026542757523589,0.4874464760275412,0.6452016908435181
