,mse,mae,r2_score
0,0.24135310355794476,0.34629888512219537,0.730410755926165
