,mse,mae,r2_score
0,0.1835924595007798,0.3139395810005638,0.8322204774474933
