,mse,mae,r2_score
0,0.04923782960631472,0.15871729046594357,0.892424338900319
