,mse,mae,r2_score
0,0.3688372244209005,0.40983142576385995,0.6727950664711804
