,mse,mae,r2_score
0,0.05136790270156145,0.1655357492488283,0.8933786173877943
