,mse,mae,r2_score
0,0.2850043460322935,0.3947608503602315,0.7503466477617731
