,mse,mae,r2_score
0,0.46062005478292317,0.48324227661403923,0.4992554650094786
