,mse,mae,r2_score
0,0.44435076379505745,0.5056667859298306,0.2613557123629886
