,mse,mae,r2_score
0,0.3739284380304971,0.4573123588541111,0.3784187465386122
