,mse,mae,r2_score
0,0.051830649784973724,0.16273445153205526,0.8981821481049345
