,mse,mae,r2_score
0,0.30241726591486295,0.4136999961303816,0.7350935687071591
