,mse,mae,r2_score
0,0.04683794300621426,0.15676673227276464,0.9090743833926898
