,mse,mae,r2_score
0,0.6716921564598755,0.5392173539344816,0.42016569806125115
