,mse,mae,r2_score
0,0.3768876603755871,0.47147618819352893,0.3734996311479235
