,mse,mae,r2_score
0,0.4891649798749932,0.4915829888904996,0.4495429141136864
