,mse,mae,r2_score
0,0.3940092209704481,0.4465241135111112,0.6587690817710536
