,mse,mae,r2_score
0,0.24506814120663245,0.37401820540770797,0.7545999398151921
