,mse,mae,r2_score
0,0.054253526109205176,0.16224891775741587,0.881120518248916
