,mse,mae,r2_score
0,0.4070960646402972,0.47322304965606204,0.6138645933042239
