,mse,mae,r2_score
0,0.6324689071672751,0.5628298763354431,0.45225153509761506
