,mse,mae,r2_score
0,0.565515316868346,0.6047289975880913,0.49446542263326565
