,mse,mae,r2_score
0,0.26697059277668755,0.3783378506491274,0.7035835584853718
