mse,mae,r2_score
37.38153951411782,4.536306932230039,0.9491260663012189
