,mse,mae,r2_score
0,0.24686917899502364,0.37568949685931663,0.7110514870697264
