,mse,mae,r2_score
0,0.3511651199017478,0.4659038265852076,0.6101026927995671
