,mse,mae,r2_score
0,0.05190674909844221,0.1688998899281666,0.8922601651086577
