,mse,mae,r2_score
0,0.824752900817641,0.6388792095958804,0.33579787278094453
