,mse,mae,r2_score
0,0.3977823722216803,0.48199799240790725,0.6494945625181787
