mse,mae,r2_score
0.011098123858390265,0.07769492286679337,0.8576674840338052
