,mse,mae,r2_score
0,0.7595377326485325,0.6315433452339857,0.34433352128519257
