mse,mae,r2_score
0.013352342031772648,0.08172590970328462,0.8338841995653636
