,mse,mae,r2_score
0,0.7983126384270265,0.6187005118147431,0.31086131201702194
