,mse,mae,r2_score
0,0.31467992790891736,0.44025612555328203,0.6316822635031316
