,mse,mae,r2_score
0,0.07634053184421805,0.20446565561842414,0.8665840147138938
