,mse,mae,r2_score
0,0.18791308278116786,0.3350975950143937,0.811832408745738
