,mse,mae,r2_score
0,0.5485965929601021,0.5633136063755207,0.4742560637924046
