mse,mae,r2_score
133.5234203177265,8.17259097032846,0.8338841995653635
