,mse,mae,r2_score
0,0.3517900535043195,0.4310989180247646,0.6655282011220129
