mse,mae,r2_score
117.61770834074183,7.952102739601787,0.8477706580565942
