mse,mae,r2_score
0.011761770834074184,0.07952102739601788,0.8477706580565942
