,mse,mae,r2_score
0,0.3668477925995592,0.4029754901600463,0.6745599423127773
