,mse,mae,r2_score
0,0.7152204723184352,0.6520217377888057,0.1884832712992166
