,mse,mae,r2_score
0,0.4528797835181341,0.510528673642217,0.5704381973144733
