mse,mae,r2_score
48.987662273338294,5.008071425212313,0.9334898862834278
