,mse,mae,r2_score
0,0.4000617335116009,0.47408144047414863,0.3349773686969608
