mse,mae,r2_score
41.99822754813525,4.596887629505675,0.9447870865292023
