mse,mae,r2_score
34.803190003851846,4.257739370680865,0.9525568613681664
