mse,mae,r2_score
43.33230737109536,4.88368473545477,0.9415672156847719
