mse,mae,r2_score
0.01143012279381781,0.07848015038396701,0.8554003032004736
