,mse,mae,r2_score
0,0.25957757844337703,0.3703960371209708,0.6773879332003251
