,mse,mae,r2_score
0,0.056328086329801,0.16941639104931633,0.8760573971984582
