mse,mae,r2_score
0.012142254354652413,0.08073088935894027,0.8428461652421163
