,mse,mae,r2_score
0,0.06079635735905409,0.1862032210033078,0.8768535643673847
