mse,mae,r2_score
37.334196786304695,4.375525424538783,0.9504542493942468
