,mse,mae,r2_score
0,0.2977562504539332,0.3995079462492087,0.6694023589627347
