mse,mae,r2_score
124.06850689200857,8.07374194720232,0.8431923768380732
