,mse,mae,r2_score
0,0.30381921156024017,0.4190862416910285,0.66267067613025
