,mse,mae,r2_score
0,0.5324157674196747,0.5119563046962977,0.40087282640581834
