,mse,mae,r2_score
0,0.06626591913777058,0.18486022309817382,0.8665932534981438
