,mse,mae,r2_score
0,0.5241711203884076,0.5878166612884885,0.5314244938920176
