,mse,mae,r2_score
0,0.4240487740444788,0.47341186233301924,0.5196755611141454
