mse,mae,r2_score
116.36215347386836,7.676200899210614,0.8515146161968244
