mse,mae,r2_score
0.011636215347386836,0.07676200899210614,0.8515146161968244
