,mse,mae,r2_score
0,0.3300958073050362,0.46742904487130094,0.7049154294165094
