,mse,mae,r2_score
0,0.22793113056867703,0.32727307437859027,0.7454029789339267
