mse,mae,r2_score
0.012173193747676007,0.07898532515617737,0.8459998937239852
