mse,mae,r2_score
121.73193747676008,7.898532515617737,0.8459998937239852
