mse,mae,r2_score
117.60756881028716,7.834874758398613,0.8491692705990082
