mse,mae,r2_score
0.011760756881028718,0.0783487475839861,0.8491692705990082
