mse,mae,r2_score
39.794523399253386,4.505173630705071,0.9443749361590172
