mse,mae,r2_score
132.22282751132414,8.036948130305662,0.8385401373678906
