,mse,mae,r2_score
0,0.06284227849838171,0.1844706134372237,0.8765505385048891
