,mse,mae,r2_score
0,0.23270734567247256,0.37658447168569636,0.7816286753844538
