,mse,mae,r2_score
0,0.511899793649649,0.5271223031043071,0.4191787539042712
