,mse,mae,r2_score
0,0.23961917680988498,0.37582583192397223,0.7751426501297114
