,mse,mae,r2_score
0,0.29236860129084974,0.4126548464471196,0.6821632541201215
