,mse,mae,r2_score
0,0.16221252914416806,0.3062352628242547,0.8192958693924959
