,mse,mae,r2_score
0,0.39554846997356075,0.43044103692544167,0.6490988374930651
