,mse,mae,r2_score
0,0.20990648683500676,0.3244044237019527,0.7661649848349021
