mse,mae,r2_score
0.01331286973660106,0.07924219854314302,0.8310382385440431
