,mse,mae,r2_score
0,0.3982819615720422,0.4536828180896124,0.5488618965082008
