mse,mae,r2_score
0.014445105823338076,0.08640429338642587,0.8236080073433083
