,mse,mae,r2_score
0,0.23924948113985253,0.37811002869548327,0.7754895705629118
