,mse,mae,r2_score
0,0.24079412588124585,0.35282661368523144,0.7007326630843225
