,mse,mae,r2_score
0,0.23236398293221347,0.35905288140200187,0.7112099387277475
