mse,mae,r2_score
128.79938541533926,8.135536836932111,0.8356439305559545
