mse,mae,r2_score
0.01287993854153393,0.08135536836932113,0.8356439305559545
