mse,mae,r2_score
36.26912048547795,4.234854223913981,0.9521822696643811
