,mse,mae,r2_score
0,0.5073139822422201,0.5214883327271986,0.513818982217827
