mse,mae,r2_score
36.13369896852044,4.313217989566897,0.9503254631127378
