,mse,mae,r2_score
0,0.24113972988980711,0.3582785383192127,0.7796297905732864
