mse,mae,r2_score
0.012578386836380507,0.08028716202401119,0.8374156526036689
