mse,mae,r2_score
125.78386836380506,8.02871620240112,0.8374156526036689
