,mse,mae,r2_score
0,0.39237882502043236,0.46955890074938733,0.6542558913451675
