,mse,mae,r2_score
0,0.16531098533701477,0.2984898075262333,0.8158442011674343
