mse,mae,r2_score
131.7362497391446,8.067988102799987,0.8328054788793378
