mse,mae,r2_score
0.013173624973914456,0.08067988102799985,0.8328054788793379
