mse,mae,r2_score
48.74666230626344,4.913963908932692,0.931861573623681
