mse,mae,r2_score
0.013104851618631293,0.08169434961084174,0.8321312685296491
