mse,mae,r2_score
131.04851618631292,8.169434961084173,0.8321312685296491
