mse,mae,r2_score
121.42254354652411,8.073088935894027,0.8428461652421164
