,mse,mae,r2_score
0,0.3339965108855096,0.43703609548806666,0.7074313085422534
