mse,mae,r2_score
48.88435675785581,4.809173770524835,0.9355501606383513
