mse,mae,r2_score
0.013222282751132415,0.0803694813030566,0.8385401373678906
