mse,mae,r2_score
44.45848495554385,4.786960485057406,0.9393949214174415
