mse,mae,r2_score
144.45105823338076,8.640429338642589,0.8236080073433083
