,mse,mae,r2_score
0,0.6804465499604083,0.5428724016533044,0.4126085193813154
