,mse,mae,r2_score
0,0.4164999130834482,0.5013818653366694,0.6330016249058461
