,mse,mae,r2_score
0,0.4654803153518856,0.4951547758397467,0.4939718285432271
