,mse,mae,r2_score
0,0.4672671420239862,0.5077286663761404,0.535680635306296
