mse,mae,r2_score
0.013166461642271532,0.08093356427731765,0.8361967279303204
