mse,mae,r2_score
131.6646164227153,8.093356427731765,0.8361967279303204
