,mse,mae,r2_score
0,0.045030198591314685,0.1512536389204874,0.9125837235780894
