,mse,mae,r2_score
0,0.6454807732126668,0.5921059013952665,0.2736408368622608
