,mse,mae,r2_score
0,0.058760678875197425,0.16795871637036194,0.8712445152787937
