,mse,mae,r2_score
0,0.21994322493057178,0.3530079540482835,0.7797588851433199
