,mse,mae,r2_score
0,0.45686051036851305,0.5050122341822145,0.5666624310646227
