,mse,mae,r2_score
0,0.36287136502008527,0.4510661992359875,0.5889718460246403
