mse,mae,r2_score
35.107539579545445,4.42936397724522,0.9526581570992383
