,mse,mae,r2_score
0,0.28735203685151417,0.4330559158246373,0.7431256304256406
