,mse,mae,r2_score
0,0.7216809491336278,0.6596393917873862,0.1811529651714886
