mse,mae,r2_score
35.66189136818841,4.225394570974712,0.9515821670156088
