,mse,mae,r2_score
0,0.3099437818468258,0.40301426988911865,0.7053144248034252
