,mse,mae,r2_score
0,0.4384353458421816,0.5036438168980507,0.5643305447095698
