,mse,mae,r2_score
0,0.42565757396027626,0.47315342636138036,0.577027707400506
