mse,mae,r2_score
49.5490973395057,5.058024313579215,0.9348603456937142
