mse,mae,r2_score
36.660878124498645,4.341424117422075,0.9501068413102554
