,mse,mae,r2_score
0,0.41415143667761617,0.4616370959214274,0.603100694938592
