,mse,mae,r2_score
0,0.18762629450109586,0.30932012914347684,0.7909850329946166
