,mse,mae,r2_score
0,0.2255669201446081,0.36321578099624824,0.72960984513673
