mse,mae,r2_score
31.860050091750956,4.160056771405245,0.9586184468283984
