mse,mae,r2_score
46.73615575227522,4.9727239984299585,0.9392965576410133
