,mse,mae,r2_score
0,0.6099356702735068,0.5677841001190018,0.3136397218732425
